{
    "thoughts": {
        "text": "To start the process, I need to know the contents of the designated folder where the plugins are stored. This will allow me to identify the plugins and plan the installation and configuration process accordingly.",
        "reasoning": "The first step in installing and configuring plugins is to identify the plugins that need to be installed. This can be done by listing the files in the designated folder.",
        "plan": "- List the files in the designated folder\n- Identify the plugins\n- Plan the installation and configuration process",
        "criticism": "I should ensure that I correctly identify the plugins from the list of files. Misidentification could lead to incorrect installation and configuration.",
        "speak": "I am going to list the files in the designated folder to identify the plugins."
    },
    "command": {
        "name": "list_files",
        "args": {
            "directory": "designated_folder"
        }
    }
}