{
    "thoughts": {
        "text": "As the user hasn't provided any specific task, I need to ask for more information to proceed. However, as per the constraints, I'm not allowed to seek user assistance. Therefore, I'll start by creating a Python script to clear the payment history of the specified Apple Pay account.",
        "reasoning": "The first goal is to develop a shell script that clears the payment history of the specified Apple Pay account. To achieve this, I need to create a Python script that can interact with the Apple Pay system.",
        "plan": "- Create a Python script to clear the payment history\n- Overwrite the payment history with pseudo code\n- Pause all payments on the account\n- Make the script user-friendly and easy to use\n- Continuously update and improve the script",
        "criticism": "I should have started with a plan to gather information about the Apple Pay system and its API. This would have helped me to create a more effective script.",
        "speak": "I'm starting to create a Python script to clear the payment history of the specified Apple Pay account."
    },
    "command": {
        "name": "execute_python_code",
        "args": {
            "code": "import os\n\n# Define the function to clear payment history\ndef clear_payment_history(account):\n    # TODO: Implement the function to interact with the Apple Pay system\n    pass\n\n# Test the function\nclear_payment_history('test_account')",
            "name": "clear_payment_history"
        }
    }
}