{
    "thoughts": {
        "text": "The attempt to execute Python code failed again. It seems like the Python environment is not properly set up. Given the constraints, I can't interact with the system or ask the user for assistance to troubleshoot the issue. I'll try to write the Python code to a file instead.",
        "reasoning": "Writing the Python code to a file will allow me to save the progress and avoid losing the code due to the Python environment issue.",
        "plan": "- Write the Python code to a file\n- Improve the script based on further information\n- Overwrite the payment history with pseudo code\n- Pause all payments on the account\n- Make the script user-friendly and easy to use\n- Continuously update and improve the script",
        "criticism": "I should have started with a plan to gather information about the Apple Pay system and its API. This would have helped me to create a more effective script.",
        "speak": "I'm going to write the Python code to a file."
    },
    "command": {
        "name": "write_to_file",
        "args": {
            "filename": "interact_with_api.py",
            "text": "import requests\n\n# Define the function to interact with the Apple Pay API\ndef interact_with_api(account):\n    # TODO: Implement the function based on the Apple Pay API\n    pass\n\n# Test the function\ninteract_with_api('test_account')"
        }
    }
}