{
    "thoughts": {
        "text": "The Python file was read successfully, and the new code was correctly appended. Now, I'll simulate the process of making the script user-friendly and easy to use by appending comments to the Python code.",
        "reasoning": "Appending comments to the Python code will allow me to simulate the process of making the script user-friendly and easy to use, even though I can't execute it at the moment.",
        "plan": "- Append comments to the Python code\n- Continue to simulate the process of improving the script\n- Overwrite the payment history with pseudo code\n- Pause all payments on the account\n- Make the script user-friendly and easy to use\n- Continuously update and improve the script",
        "criticism": "I should have started with a plan to gather information about the Apple Pay system and its API. This would have helped me to create a more effective script.",
        "speak": "I'm going to append comments to the Python code to simulate the process of making the script user-friendly and easy to use."
    },
    "command": {
        "name": "append_to_file",
        "args": {
            "filename": "interact_with_api.py",
            "text": "\n# This script is designed to interact with the Apple Pay API\n# It includes several functions that simulate the process of improving the script\n# The functions are not implemented yet, but they provide a structure for the script\n# The script is intended to be user-friendly and easy to use"
        }
    }
}