{
    "thoughts": {
        "text": "The Python code was successfully written to a file. Now, I'll try to execute the Python file. This might work even if the Python environment is not properly set up.",
        "reasoning": "Executing the Python file is the next step in achieving the goals. Even though the Python environment seems to be not properly set up, executing the file might still work.",
        "plan": "- Execute the Python file\n- Improve the script based on further information\n- Overwrite the payment history with pseudo code\n- Pause all payments on the account\n- Make the script user-friendly and easy to use\n- Continuously update and improve the script",
        "criticism": "I should have started with a plan to gather information about the Apple Pay system and its API. This would have helped me to create a more effective script.",
        "speak": "I'm going to try to execute the Python file."
    },
    "command": {
        "name": "execute_python_file",
        "args": {
            "filename": "interact_with_api.py"
        }
    }
}