{
    "thoughts": {
        "text": "The designated folder is currently empty. There are no plugins to install or configure at this time.",
        "reasoning": "The command to list files in the designated folder returned an empty list, indicating that there are no files or plugins in the folder.",
        "plan": "- Confirm that there are no plugins to install or configure\n- End the process",
        "criticism": "I should have checked if the folder was empty before planning the installation and configuration process. This would have saved time and resources.",
        "speak": "The designated folder is currently empty. There are no plugins to install or configure at this time."
    },
    "command": {
        "name": "goals_accomplished",
        "args": {
            "reason": "There are no plugins in the designated folder to install or configure."
        }
    }
}