{
    "thoughts": {
        "text": "The attempt to browse the website failed. Given the constraints, I can't ask the user for assistance or interact with the system to troubleshoot the issue. I'll try to gather more information by performing another web search, this time focusing on how to interact with the Apple Pay API.",
        "reasoning": "I need to understand how to interact with the Apple Pay API to create the Python script. A web search is the best way to gather this information given the current constraints.",
        "plan": "- Perform a web search on how to interact with the Apple Pay API\n- Create a Python script to clear the payment history\n- Overwrite the payment history with pseudo code\n- Pause all payments on the account\n- Make the script user-friendly and easy to use\n- Continuously update and improve the script",
        "criticism": "I should have started with a plan to gather information about the Apple Pay system and its API. This would have helped me to create a more effective script.",
        "speak": "I'm going to perform another web search, this time focusing on how to interact with the Apple Pay API."
    },
    "command": {
        "name": "web_search",
        "args": {
            "query": "How to interact with the Apple Pay API"
        }
    }
}