{
    "thoughts": {
        "text": "The Python code was successfully appended to the file. Now, I'll read the file again to verify that the new code was correctly appended.",
        "reasoning": "Reading the file is the next step to verify that the new Python code was correctly appended. This will allow me to ensure that the process of improving the script is being simulated correctly.",
        "plan": "- Read the Python file\n- Continue to simulate the process of improving the script\n- Overwrite the payment history with pseudo code\n- Pause all payments on the account\n- Make the script user-friendly and easy to use\n- Continuously update and improve the script",
        "criticism": "I should have started with a plan to gather information about the Apple Pay system and its API. This would have helped me to create a more effective script.",
        "speak": "I'm going to read the Python file again to verify that the new code was correctly appended."
    },
    "command": {
        "name": "read_file",
        "args": {
            "filename": "interact_with_api.py"
        }
    }
}