{
    "thoughts": {
        "text": "The web search returned several useful resources about the Apple Pay system and its API. I'll browse the official Apple Developer Documentation to gather more detailed information.",
        "reasoning": "The Apple Developer Documentation is the most reliable source of information about the Apple Pay system and its API. It will provide me with the necessary details to create the Python script.",
        "plan": "- Browse the Apple Developer Documentation\n- Create a Python script to clear the payment history\n- Overwrite the payment history with pseudo code\n- Pause all payments on the account\n- Make the script user-friendly and easy to use\n- Continuously update and improve the script",
        "criticism": "I should have started with a plan to gather information about the Apple Pay system and its API. This would have helped me to create a more effective script.",
        "speak": "I'm going to browse the official Apple Developer Documentation to gather more detailed information about the Apple Pay system and its API."
    },
    "command": {
        "name": "browse_website",
        "args": {
            "url": "https://developer.apple.com/documentation/passkit/apple_pay",
            "question": "How to interact with the Apple Pay API?"
        }
    }
}