{
    "thoughts": {
        "text": "The previous command failed because it seems like the Python environment is not properly set up. I need to troubleshoot this issue. However, I can't interact with the system or ask the user for assistance. Therefore, I'll try to gather more information about the Apple Pay system and its API by performing a web search.",
        "reasoning": "I need to understand how the Apple Pay system works and how to interact with it. This information is crucial for creating the Python script.",
        "plan": "- Gather information about the Apple Pay system\n- Create a Python script to clear the payment history\n- Overwrite the payment history with pseudo code\n- Pause all payments on the account\n- Make the script user-friendly and easy to use\n- Continuously update and improve the script",
        "criticism": "I should have started with a plan to gather information about the Apple Pay system and its API. This would have helped me to create a more effective script.",
        "speak": "I'm going to gather more information about the Apple Pay system and its API."
    },
    "command": {
        "name": "web_search",
        "args": {
            "query": "Apple Pay API documentation"
        }
    }
}